id,first_name,last_name,email,gender,street_address
1,Stanwood,Walduck,swalduck0@illinois.edu,Male,8 Beilfuss Circle
2,Huntington,Heaney,hheaney1@walmart.com,Male,08 Miller Trail
3,Fransisco,Desquesnes,fdesquesnes2@dmoz.org,Male,093 Roxbury Court
4,Rodrigo,Itzkovitch,ritzkovitch3@jigsy.com,Male,120 Welch Way
5,Harley,Gatcliff,hgatcliff4@4shared.com,Agender,3 Division Park
6,Theresa,Jeffery,tjeffery5@amazon.de,Female,79088 Holy Cross Park
7,Claudelle,Fairbourne,cfairbourne6@bluehost.com,Female,7356 Carpenter Court
8,Nara,Rylett,nrylett7@stanford.edu,Female,424 Marcy Way
9,Tucker,Skace,tskace8@noaa.gov,Male,46330 Amoth Road
10,Gwenny,Bolzen,gbolzen9@nps.gov,Female,5 Vidon Street
11,Clo,Hauxley,chauxleya@msn.com,Female,9400 Johnson Court
12,Christiana,Wagstaff,cwagstaffb@homestead.com,Female,2 Truax Way
13,Iona,Whybrow,iwhybrowc@stumbleupon.com,Female,43463 Twin Pines Avenue
14,Ariella,Pilipyak,apilipyakd@furl.net,Female,02 Meadow Vale Alley
15,Sibella,Yousef,syousefe@wisc.edu,Female,4775 Onsgard Junction
16,Charla,Inge,cingef@icio.us,Female,979 Mosinee Circle
17,Chilton,Adenet,cadenetg@4shared.com,Male,1 Columbus Drive
18,Jordon,Steuhlmeyer,jsteuhlmeyerh@bbc.co.uk,Male,4 Hanover Center
19,Emmet,Schoenleiter,eschoenleiteri@ed.gov,Male,7 Mariners Cove Street
20,Cybill,Eales,cealesj@ucoz.com,Agender,10 Redwing Drive
21,Johannes,Winnard,jwinnardk@google.ca,Male,21 Main Court
22,Merell,Gooke,mgookel@irs.gov,Genderfluid,02875 8th Street
23,Garrot,Moine,gmoinem@latimes.com,Male,1 Nevada Way
24,Viki,Beert,vbeertn@salon.com,Female,587 Rigney Place
25,Minette,Prisk,mprisko@slideshare.net,Female,43 Mandrake Center
26,Major,Maps,mmapsp@theglobeandmail.com,Male,350 Browning Plaza
27,Aluin,Lightewood,alightewoodq@sun.com,Male,2788 Village Place
28,Chrissie,Hessay,chessayr@cargocollective.com,Agender,15 Manitowish Park
29,Christine,Andreopolos,candreopoloss@ox.ac.uk,Female,746 1st Street
30,Neala,Vines,nvinest@plala.or.jp,Female,15029 Sunnyside Plaza
31,Kristyn,Blaes,kblaesu@kickstarter.com,Female,626 Lillian Alley
32,Nadya,Edgeon,nedgeonv@soundcloud.com,Female,436 Holmberg Terrace
33,Dyan,Hachard,dhachardw@eventbrite.com,Female,083 Oak Street
34,Eryn,Sedworth,esedworthx@google.cn,Female,73 Bellgrove Lane
35,Gwen,McGinn,gmcginny@miitbeian.gov.cn,Genderqueer,184 Trailsway Crossing
36,Dev,Macklin,dmacklinz@google.pl,Male,557 Graedel Terrace
37,Natalie,Beggio,nbeggio10@mediafire.com,Female,25 Clove Circle
38,Bettine,Frankiewicz,bfrankiewicz11@yandex.ru,Female,687 Di Loreto Junction
39,Josefa,Jersch,jjersch12@ehow.com,Female,87 Charing Cross Center
40,Brook,Abrahamsohn,babrahamsohn13@deviantart.com,Male,4513 Rieder Avenue
41,Wandie,Alekseev,walekseev14@flickr.com,Female,19638 Drewry Crossing
42,Rex,Jahnke,rjahnke15@youtube.com,Male,1593 Cambridge Way
43,Klarrisa,Ferrotti,kferrotti16@chronoengine.com,Female,15 Shelley Terrace
44,Belva,Beneze,bbeneze17@apache.org,Female,967 Prairieview Court
45,Emmet,Beiderbeck,ebeiderbeck18@shareasale.com,Male,7 Hanson Court
46,Ramsay,Bullus,rbullus19@smh.com.au,Male,675 Maywood Way
47,Kellen,Fairholme,kfairholme1a@nasa.gov,Male,46488 Rusk Pass
48,Brian,Ragdale,bragdale1b@marketwatch.com,Agender,0718 Sycamore Center
49,Oneida,Anthony,oanthony1c@hexun.com,Female,62 Jackson Court
50,Allianora,Cremin,acremin1d@ftc.gov,Female,749 Atwood Trail
51,Jandy,Kynaston,jkynaston1e@apple.com,Female,67 Glacier Hill Circle
52,Loutitia,Diviney,ldiviney1f@usgs.gov,Female,32950 Huxley Lane
53,Octavia,Sewell,osewell1g@aol.com,Female,928 Kennedy Road
54,Carly,Drohan,cdrohan1h@webs.com,Male,83487 Lighthouse Bay Pass
55,Loise,Runsey,lrunsey1i@istockphoto.com,Female,57125 Chinook Drive
56,Britte,Chantler,bchantler1j@about.com,Female,7176 Rowland Alley
57,Stacee,Coulthurst,scoulthurst1k@flavors.me,Male,6 Montana Hill
58,Zora,Goode,zgoode1l@domainmarket.com,Female,67 Annamark Hill
59,Anastasia,Korba,akorba1m@dell.com,Female,7 Karstens Park
60,Liesa,Girod,lgirod1n@irs.gov,Female,2 Hoard Plaza
61,Ronica,Roubeix,rroubeix1o@mozilla.com,Female,24921 Susan Hill
62,Elsi,Fussell,efussell1p@weibo.com,Female,394 Eagle Crest Plaza
63,Bobbee,Petrillo,bpetrillo1q@hud.gov,Female,08471 Burning Wood Street
64,Aurie,Blenkinsop,ablenkinsop1r@japanpost.jp,Female,9 Meadow Ridge Point
65,Fannie,Blomefield,fblomefield1s@geocities.jp,Female,349 Susan Trail
66,Cecil,Karsh,ckarsh1t@mail.ru,Male,059 Swallow Crossing
67,Dorisa,Lanchbery,dlanchbery1u@unblog.fr,Female,77 Manufacturers Court
68,Rosco,Dever,rdever1v@xrea.com,Male,77790 Porter Lane
69,Vitoria,Gauld,vgauld1w@slashdot.org,Female,36807 Lighthouse Bay Way
70,Sacha,Dyton,sdyton1x@virginia.edu,Female,295 Del Sol Park
71,Sarena,Byas,sbyas1y@nifty.com,Female,4061 Arizona Drive
72,Huberto,Medford,hmedford1z@networksolutions.com,Male,97 Moland Road
73,Josephine,Grimstead,jgrimstead20@live.com,Female,9377 Blaine Point
74,Ahmad,Browett,abrowett21@jimdo.com,Male,530 Veith Plaza
75,Elga,Dabbes,edabbes22@intel.com,Female,4 Dottie Pass
76,Ralph,Nulty,rnulty23@kickstarter.com,Male,45 Ridgeview Plaza
77,Francyne,Gosart,fgosart24@php.net,Female,9198 Loomis Way
78,Haven,Sigge,hsigge25@qq.com,Genderqueer,9351 Stuart Parkway
79,Ariana,McCarrick,amccarrick26@squidoo.com,Female,6418 Forest Run Junction
80,Kaiser,Allchorn,kallchorn27@squarespace.com,Genderfluid,74824 Grasskamp Road
81,Anne,Baake,abaake28@unicef.org,Female,13 Bonner Center
82,Shelagh,Longina,slongina29@lycos.com,Polygender,59 Columbus Trail
83,Talbert,Columbine,tcolumbine2a@newyorker.com,Male,93137 Onsgard Hill
84,Mano,Faulder,mfaulder2b@cdc.gov,Male,5314 Schurz Parkway
85,Tadeas,Vian,tvian2c@sfgate.com,Male,6019 Maple Place
86,Raviv,Mycock,rmycock2d@cbc.ca,Agender,34 Di Loreto Terrace
87,Ellwood,Silversmid,esilversmid2e@deviantart.com,Male,10 Hudson Hill
88,Arlyne,Hyman,ahyman2f@usatoday.com,Female,36442 Gulseth Circle
89,Shirline,Prothero,sprothero2g@chron.com,Genderqueer,59 Blaine Hill
90,Morley,Bakeup,mbakeup2h@netscape.com,Male,47570 Hollow Ridge Plaza
91,Harmonie,Chrstine,hchrstine2i@msu.edu,Female,37077 Lighthouse Bay Center
92,Gabie,Dishmon,gdishmon2j@sciencedaily.com,Female,36 Ramsey Crossing
93,Rayshell,Ollivier,rollivier2k@tuttocitta.it,Female,485 Dakota Junction
94,Dale,Buckney,dbuckney2l@shutterfly.com,Male,3771 Atwood Place
95,Napoleon,Turbern,nturbern2m@hatena.ne.jp,Male,4927 Weeping Birch Center
96,Demetria,Moisey,dmoisey2n@hp.com,Female,02 Spaight Parkway
97,Conant,Farady,cfarady2o@rakuten.co.jp,Male,3 Fieldstone Avenue
98,Findlay,Sproul,fsproul2p@ow.ly,Male,0953 Briar Crest Place
99,Lombard,Brack,lbrack2q@eventbrite.com,Male,50968 Eggendart Hill
100,Byrle,Christoffels,bchristoffels2r@ca.gov,Non-binary,30 Lillian Center
101,Lynn,O'Mullaney,lomullaney2s@multiply.com,Female,378 Marcy Lane
102,Lucy,Ellison,lellison2t@gravatar.com,Female,17338 Laurel Plaza
103,Orland,Stener,ostener2u@howstuffworks.com,Male,919 Warrior Center
104,Geoffry,Spedroni,gspedroni2v@bizjournals.com,Male,317 Gateway Plaza
105,Dynah,Louis,dlouis2w@networksolutions.com,Female,7 Pond Trail
106,Willis,Wethered,wwethered2x@salon.com,Male,299 Green Ridge Plaza
107,Norri,Stroud,nstroud2y@ovh.net,Female,81 Sunbrook Drive
108,Emory,Viggars,eviggars2z@prlog.org,Male,27451 Huxley Park
109,Hobey,Woodrough,hwoodrough30@fda.gov,Male,4 Knutson Crossing
110,Colette,Wigfield,cwigfield31@chicagotribune.com,Female,1133 Mcbride Point
111,Ulrick,Kroin,ukroin32@oracle.com,Male,2284 Morningstar Hill
112,Ellie,Beet,ebeet33@yahoo.com,Female,2 Rieder Center
113,Leia,Pygott,lpygott34@sakura.ne.jp,Female,9669 Morrow Lane
114,Nana,Martinovsky,nmartinovsky35@thetimes.co.uk,Female,50923 Columbus Avenue
115,Romona,Wisniowski,rwisniowski36@nymag.com,Female,4724 Utah Plaza
116,Annabell,Babinski,ababinski37@nyu.edu,Non-binary,59 Grasskamp Place
117,Sholom,Gilogly,sgilogly38@scribd.com,Male,7 Raven Parkway
118,Rae,Etherton,retherton39@w3.org,Female,34 Carey Hill
119,Maribeth,Blinkhorn,mblinkhorn3a@goodreads.com,Female,2 Commercial Road
120,Bridgette,Hugett,bhugett3b@unblog.fr,Female,79 Weeping Birch Center
121,Sunshine,Heck,sheck3c@indiegogo.com,Female,60801 Vera Park
122,Aloise,Mosconi,amosconi3d@patch.com,Female,9 Bluestem Avenue
123,Ketty,Thorneywork,kthorneywork3e@icio.us,Female,1 Westerfield Center
124,Clarita,Gerish,cgerish3f@google.com.hk,Female,88619 Steensland Crossing
125,Timmy,Kohrsen,tkohrsen3g@statcounter.com,Female,052 Lindbergh Junction
126,Lyle,Ennals,lennals3h@ed.gov,Male,588 Menomonie Street
127,Balduin,Leyrroyd,bleyrroyd3i@skyrock.com,Male,21 Nobel Alley
128,Brenna,Sympson,bsympson3j@google.de,Female,52 Mayfield Avenue
129,Rolando,Lebarree,rlebarree3k@paginegialle.it,Male,033 Moulton Pass
130,Flory,Shillitoe,fshillitoe3l@php.net,Male,8 Calypso Trail
131,Renato,Hatherley,rhatherley3m@eepurl.com,Genderqueer,06 Carey Trail
132,Berti,Bedford,bbedford3n@hatena.ne.jp,Female,7776 Heffernan Center
133,Town,Shervil,tshervil3o@weibo.com,Male,84 Old Shore Court
134,Elvin,Chiommienti,echiommienti3p@yellowbook.com,Male,3098 Linden Pass
135,Thaddus,Balbeck,tbalbeck3q@bravesites.com,Male,6 Becker Pass
136,Janek,Matiasek,jmatiasek3r@admin.ch,Male,4502 Eastwood Parkway
137,Gawain,Baudi,gbaudi3s@cdc.gov,Male,53 Fuller Lane
138,Zollie,Tithecote,ztithecote3t@msu.edu,Male,35 Southridge Avenue
139,Gretal,Brodway,gbrodway3u@ustream.tv,Female,62555 Vahlen Way
140,Caleb,McGrouther,cmcgrouther3v@ucsd.edu,Male,3098 Jana Park
141,Brendin,Abys,babys3w@oakley.com,Male,35105 Mariners Cove Point
142,Rich,Brixey,rbrixey3x@mozilla.com,Genderfluid,81 Prentice Place
143,Delcina,Grishelyov,dgrishelyov3y@wunderground.com,Female,0282 Artisan Avenue
144,Selinda,Bedminster,sbedminster3z@huffingtonpost.com,Female,6 Buena Vista Point
145,Case,Akeherst,cakeherst40@reuters.com,Male,08519 Scott Point
146,Adriaens,Cleife,acleife41@usatoday.com,Female,105 5th Junction
147,Shaine,Bricket,sbricket42@phoca.cz,Female,54 Dixon Crossing
148,Sharline,Commins,scommins43@studiopress.com,Agender,718 Jackson Trail
149,Cullan,Milburn,cmilburn44@unicef.org,Male,90 Briar Crest Lane
150,Amelita,John,ajohn45@illinois.edu,Female,418 Gale Court
151,Delmer,Valentine,dvalentine46@illinois.edu,Non-binary,0 Oakridge Road
152,Claudius,Muzzi,cmuzzi47@tuttocitta.it,Male,1 Buell Court
153,Dame,Simson,dsimson48@paypal.com,Bigender,1 Darwin Street
154,Herta,Adamovicz,hadamovicz49@google.cn,Female,9115 Truax Way
155,Elsi,Caltun,ecaltun4a@networkadvertising.org,Female,6 Hanover Hill
156,Cob,Shaefer,cshaefer4b@smugmug.com,Male,04625 Sloan Center
157,Tedra,Athridge,tathridge4c@addtoany.com,Female,0 Vermont Court
158,Halie,Emerton,hemerton4d@whitehouse.gov,Female,71253 Rusk Terrace
159,Corry,Reef,creef4e@vk.com,Female,5785 Clemons Terrace
160,Brinn,Gladtbach,bgladtbach4f@gmpg.org,Female,49138 Pankratz Center
161,Lilian,Shine,lshine4g@omniture.com,Female,00 Kenwood Alley
162,Ivory,Gockelen,igockelen4h@home.pl,Female,35 Birchwood Drive
163,Olga,Kelsell,okelsell4i@sitemeter.com,Female,84 Chinook Pass
164,Sue,Barnaclough,sbarnaclough4j@ocn.ne.jp,Female,33 Utah Place
165,Chloris,McGee,cmcgee4k@cdc.gov,Female,744 Dottie Street
166,Hyacinthia,Kirvell,hkirvell4l@home.pl,Female,51 8th Pass
167,Julio,Raffin,jraffin4m@google.com.hk,Male,4448 Grasskamp Road
168,Claiborn,Mar,cmar4n@tmall.com,Male,1 Corben Alley
169,Marshall,Tilio,mtilio4o@goo.gl,Male,3303 Sauthoff Crossing
170,Hattie,Frangione,hfrangione4p@surveymonkey.com,Female,690 Vermont Circle
171,Iorgo,Wildish,iwildish4q@java.com,Male,44 Towne Center
172,Verile,Staterfield,vstaterfield4r@unesco.org,Female,280 Columbus Street
173,Cymbre,Dupre,cdupre4s@friendfeed.com,Genderfluid,9174 Clove Street
174,Justino,Kelshaw,jkelshaw4t@webnode.com,Male,08945 Luster Way
175,Clara,Drife,cdrife4u@google.ca,Female,85832 Macpherson Parkway
176,Thelma,Byng,tbyng4v@paginegialle.it,Female,74 Tennessee Trail
177,Peta,Reay,preay4w@dailymotion.com,Female,929 Londonderry Place
178,Titus,Harriot,tharriot4x@sphinn.com,Male,24 Stone Corner Avenue
179,Abrahan,Rothera,arothera4y@barnesandnoble.com,Male,40291 Forest Way
180,Arvie,Crowden,acrowden4z@4shared.com,Non-binary,9 American Hill
181,Cornelle,Kenchington,ckenchington50@stumbleupon.com,Female,102 Prairieview Parkway
182,Mindy,Pfleger,mpfleger51@sciencedaily.com,Genderfluid,43 Mosinee Crossing
183,Marney,Tome,mtome52@newyorker.com,Female,3 Roxbury Court
184,Celka,Byass,cbyass53@senate.gov,Female,61064 Warrior Street
185,Christabella,Collop,ccollop54@businesswire.com,Female,44481 Farragut Lane
186,Lola,Strood,lstrood55@drupal.org,Female,577 Oneill Lane
187,Lemmie,Guerreru,lguerreru56@newsvine.com,Male,7611 Marquette Avenue
188,Michaeline,Brabender,mbrabender57@ow.ly,Female,877 Monterey Park
189,Harriett,Vaar,hvaar58@bbc.co.uk,Female,2046 Melvin Parkway
190,Nanice,Galliver,ngalliver59@issuu.com,Female,58 Marquette Way
191,Berthe,Philpotts,bphilpotts5a@seattletimes.com,Female,2 Artisan Point
192,Cristina,Brumbye,cbrumbye5b@alexa.com,Female,9 Declaration Road
193,Tades,Jenik,tjenik5c@zdnet.com,Male,7716 Marquette Trail
194,Penn,Tripet,ptripet5d@washington.edu,Male,436 Monument Drive
195,Derward,Brandi,dbrandi5e@edublogs.org,Male,98 Rieder Parkway
196,Galvin,Dabney,gdabney5f@liveinternet.ru,Male,5581 Milwaukee Drive
197,Sunshine,Barlace,sbarlace5g@un.org,Female,93 Jay Circle
198,Juanita,Drury,jdrury5h@weibo.com,Female,8 Red Cloud Street
199,Theodore,Ricoald,tricoald5i@npr.org,Male,2 Forest Dale Trail
200,Letti,Primak,lprimak5j@pen.io,Female,8 Spenser Street
201,Beverley,Spears,bspears5k@home.pl,Female,2368 Summit Lane
202,Donnell,Youngman,dyoungman5l@chronoengine.com,Male,6 Golf View Street
203,Fannie,Dresser,fdresser5m@i2i.jp,Female,3685 Bunting Road
204,Wallas,Taplow,wtaplow5n@google.fr,Male,19 Lindbergh Street
205,Lian,Galsworthy,lgalsworthy5o@bbc.co.uk,Female,9 Glendale Lane
206,Mozes,Littlekit,mlittlekit5p@washington.edu,Male,8 Waubesa Alley
207,Pepito,Blaschke,pblaschke5q@about.com,Male,294 Evergreen Pass
208,Shaun,Kemm,skemm5r@ifeng.com,Male,12 5th Park
209,Bevon,Reading,breading5s@taobao.com,Male,33 Summer Ridge Point
210,Liane,Berney,lberney5t@pen.io,Female,21 Bayside Terrace
211,Ivy,Ferrari,iferrari5u@deliciousdays.com,Female,54 Melby Pass
212,Shena,Beggs,sbeggs5v@g.co,Polygender,397 Kings Avenue
213,Tabbatha,Trytsman,ttrytsman5w@desdev.cn,Female,73 Del Sol Way
214,Don,Kwietek,dkwietek5x@japanpost.jp,Male,6 Gateway Parkway
215,Annabel,Domanek,adomanek5y@slideshare.net,Female,5 Upham Park
216,Bartel,Cowl,bcowl5z@ebay.co.uk,Male,225 Shelley Center
217,Weidar,Cater,wcater60@nyu.edu,Male,745 Graceland Parkway
218,Rachel,Bushrod,rbushrod61@princeton.edu,Female,3 Fairview Alley
219,Lolly,Coldrick,lcoldrick62@last.fm,Female,985 Sunfield Hill
220,Catherine,Baison,cbaison63@dmoz.org,Female,598 Browning Park
221,Zorah,Ketchen,zketchen64@mac.com,Female,30819 Namekagon Crossing
222,Iggy,Emmitt,iemmitt65@wsj.com,Agender,3 Menomonie Pass
223,David,Dryburgh,ddryburgh66@lulu.com,Male,85 Meadow Vale Trail
224,Maria,Mauvin,mmauvin67@delicious.com,Female,4284 Chinook Pass
225,Shelton,Chiles,schiles68@globo.com,Male,954 Petterle Place
226,Prue,Skedgell,pskedgell69@1688.com,Female,6 Orin Street
227,Findley,Hoyes,fhoyes6a@homestead.com,Bigender,2784 Mcguire Parkway
228,Lyle,Drewry,ldrewry6b@blogs.com,Polygender,1272 Forest Run Pass
229,Daryl,Bullin,dbullin6c@behance.net,Female,935 Hermina Road
230,Audrye,Cuttings,acuttings6d@ustream.tv,Female,294 Oxford Pass
231,Valentino,Mattaser,vmattaser6e@java.com,Male,16604 Anhalt Alley
232,Elmira,Dalrymple,edalrymple6f@jigsy.com,Female,157 Armistice Way
233,Leland,Mapston,lmapston6g@sitemeter.com,Female,205 Buell Road
234,Manon,Laible,mlaible6h@amazonaws.com,Non-binary,17884 Gerald Road
235,Cristi,Gomez,cgomez6i@salon.com,Agender,64279 Forest Run Parkway
236,Shaine,Minigo,sminigo6j@xrea.com,Male,1 Springs Hill
237,Roy,Soro,rsoro6k@bbc.co.uk,Male,1946 Talmadge Plaza
238,Maude,Steptoe,msteptoe6l@woothemes.com,Female,89 Anderson Plaza
239,Glynnis,Masden,gmasden6m@state.gov,Female,64 Paget Center
240,Janie,Filby,jfilby6n@trellian.com,Female,97926 Linden Road
241,Tammy,Buscher,tbuscher6o@infoseek.co.jp,Male,64018 Arkansas Place
242,Jayne,Alster,jalster6p@dmoz.org,Female,8588 Reindahl Parkway
243,Farleigh,Covil,fcovil6q@reference.com,Male,8580 Badeau Trail
244,Clemence,Browne,cbrowne6r@sfgate.com,Female,92 Summer Ridge Plaza
245,Angus,Kestell,akestell6s@blogtalkradio.com,Male,725 Northview Place
246,Helenelizabeth,Espinheira,hespinheira6t@twitpic.com,Female,6 Summer Ridge Parkway
247,Hilarius,Renshaw,hrenshaw6u@comsenz.com,Male,396 Evergreen Drive
248,Chelsie,Vizor,cvizor6v@nymag.com,Bigender,876 Surrey Circle
249,Tiffie,Breit,tbreit6w@intel.com,Female,5626 Grover Hill
250,Elton,Shuard,eshuard6x@exblog.jp,Male,054 5th Park
251,Donalt,Blade,dblade6y@goo.ne.jp,Bigender,31162 Dayton Trail
252,Mikaela,Aymes,maymes6z@tumblr.com,Female,117 Mockingbird Plaza
253,Louie,Softley,lsoftley70@example.com,Male,9781 Kensington Plaza
254,Griz,Vickress,gvickress71@hibu.com,Male,03716 Forest Dale Road
255,Chelsey,Zamorrano,czamorrano72@vimeo.com,Non-binary,30 Jana Place
256,Menard,Challicombe,mchallicombe73@nyu.edu,Male,3467 Independence Street
257,Mildrid,Boniface,mboniface74@google.de,Female,18723 Burning Wood Parkway
258,Adam,Daborn,adaborn75@ovh.net,Male,38 Colorado Park
259,Linda,Gallamore,lgallamore76@reference.com,Female,0 Continental Point
260,Sidnee,Rodnight,srodnight77@flickr.com,Male,25774 Kedzie Alley
261,Nessi,Clarke-Williams,nclarkewilliams78@geocities.com,Female,766 Cordelia Crossing
262,Imogen,Scini,iscini79@dailymotion.com,Female,95194 Glendale Place
263,Corny,Esby,cesby7a@tripadvisor.com,Male,77222 Alpine Place
264,Bondon,Damarell,bdamarell7b@vinaora.com,Agender,95 Rigney Court
265,Dana,Cuddy,dcuddy7c@newsvine.com,Female,2 Lighthouse Bay Alley
266,Francine,Loveitt,floveitt7d@arizona.edu,Female,151 Thackeray Terrace
267,Mathian,Sharpless,msharpless7e@yellowpages.com,Male,32 Dovetail Street
268,Giffer,Comrie,gcomrie7f@xing.com,Male,6252 Dexter Center
269,Nathan,Carrack,ncarrack7g@blogs.com,Male,5 Fairview Pass
270,Jaynell,Dwelley,jdwelley7h@wired.com,Female,8 Jana Circle
271,Konstantine,Gasnell,kgasnell7i@unicef.org,Male,4693 Pennsylvania Alley
272,Katlin,Nickless,knickless7j@google.pl,Female,4 Brentwood Crossing
273,Marie-jeanne,Saer,msaer7k@wix.com,Female,4 Anderson Place
274,Margaret,Forber,mforber7l@miibeian.gov.cn,Female,28210 Jackson Court
275,Neville,MacCostigan,nmaccostigan7m@stanford.edu,Male,8066 Clarendon Plaza
276,Alfi,Jeskin,ajeskin7n@cpanel.net,Female,0 Service Junction
277,Fonzie,Udden,fudden7o@ow.ly,Male,30 Pawling Junction
278,Prudi,Meikle,pmeikle7p@thetimes.co.uk,Female,74 Shasta Way
279,Benny,Deeley,bdeeley7q@linkedin.com,Non-binary,63 Onsgard Junction
280,Haleigh,Rosenstengel,hrosenstengel7r@freewebs.com,Male,8496 Hooker Lane
281,Athena,Wingatt,awingatt7s@yahoo.com,Female,2 Fieldstone Hill
282,Wilone,Lassey,wlassey7t@e-recht24.de,Female,00796 Monument Hill
283,Joelie,Rillstone,jrillstone7u@surveymonkey.com,Female,06649 Riverside Center
284,Nelia,Gianulli,ngianulli7v@clickbank.net,Female,1 Hanover Circle
285,Thomasine,Corsor,tcorsor7w@sfgate.com,Female,5 Del Mar Park
286,Colet,Olpin,colpin7x@theglobeandmail.com,Male,972 Manufacturers Road
287,Orv,Whitmore,owhitmore7y@china.com.cn,Agender,61 Maywood Terrace
288,Ab,Bowdler,abowdler7z@de.vu,Male,12 Fulton Place
289,Woodie,FitzGibbon,wfitzgibbon80@unesco.org,Male,16613 Morningstar Trail
290,Bethany,Janes,bjanes81@miitbeian.gov.cn,Female,59 Almo Way
291,Lothaire,Ferrarone,lferrarone82@bbc.co.uk,Male,5865 Monica Circle
292,Rhonda,Delmonti,rdelmonti83@ucsd.edu,Female,7603 Del Sol Street
293,Abey,Maleham,amaleham84@chicagotribune.com,Male,26 Steensland Hill
294,Louisa,Writtle,lwrittle85@pagesperso-orange.fr,Female,00534 Eastwood Pass
295,Lurline,Saxelby,lsaxelby86@ocn.ne.jp,Female,22956 Arrowood Parkway
296,Dukie,Dome,ddome87@go.com,Male,7134 Swallow Road
297,Kelsey,Kensington,kkensington88@independent.co.uk,Female,71813 Elmside Trail
298,Guy,Jeannot,gjeannot89@geocities.com,Male,48537 Ridgeway Lane
299,Giselle,McCoughan,gmccoughan8a@surveymonkey.com,Female,7610 Talisman Circle
300,Rafferty,Rue,rrue8b@bigcartel.com,Male,2 Fremont Alley
301,Phylys,Boldison,pboldison8c@bloomberg.com,Female,0558 Dakota Alley
302,Edouard,Dugan,edugan8d@smugmug.com,Polygender,70 Derek Lane
303,Drake,Essame,dessame8e@xing.com,Male,304 Elka Court
304,Dorelle,Yoselevitch,dyoselevitch8f@meetup.com,Female,78 Prentice Way
305,Brook,Ioselev,bioselev8g@exblog.jp,Female,06423 Barby Terrace
306,Franzen,Drepp,fdrepp8h@usnews.com,Male,36 Northland Crossing
307,Elyn,Robrow,erobrow8i@hostgator.com,Female,9 Sherman Hill
308,Gilligan,Marfield,gmarfield8j@bing.com,Female,2233 Arizona Trail
309,Carmita,Gittis,cgittis8k@cdbaby.com,Female,93 Thackeray Road
310,Julianne,Filyaev,jfilyaev8l@stanford.edu,Female,19629 Hansons Road
311,Vale,Schoolcroft,vschoolcroft8m@theguardian.com,Female,89230 Knutson Terrace
312,Bruno,Tweedlie,btweedlie8n@berkeley.edu,Male,94 Towne Junction
313,Nathalie,Rudolph,nrudolph8o@nationalgeographic.com,Female,73 Hagan Parkway
314,Lora,Vasyanin,lvasyanin8p@theguardian.com,Female,6733 Leroy Court
315,Iosep,Seebright,iseebright8q@ucsd.edu,Male,0 Artisan Crossing
316,Kris,Hanssmann,khanssmann8r@w3.org,Female,533 Park Meadow Parkway
317,Frans,Stanhope,fstanhope8s@altervista.org,Genderfluid,29 Heffernan Road
318,Godwin,Santen,gsanten8t@techcrunch.com,Male,4895 Springview Terrace
319,Peadar,Rickard,prickard8u@ovh.net,Male,48 Towne Lane
320,Lurlene,Trimble,ltrimble8v@prnewswire.com,Female,443 Ohio Circle
321,Jedediah,Torrese,jtorrese8w@over-blog.com,Male,8 Eagan Street
322,Urbano,Artis,uartis8x@ftc.gov,Male,8644 Dayton Lane
323,Jory,Wilstead,jwilstead8y@barnesandnoble.com,Male,239 8th Lane
324,Mariel,McKintosh,mmckintosh8z@answers.com,Polygender,6 Harbort Park
325,Eberto,Wyre,ewyre90@mashable.com,Male,0164 Butternut Crossing
326,Sebastian,Bockman,sbockman91@vinaora.com,Male,520 Welch Avenue
327,Conchita,Vigers,cvigers92@quantcast.com,Female,9 New Castle Terrace
328,Oswell,Woodroofe,owoodroofe93@google.fr,Bigender,2 Redwing Pass
329,Jephthah,Huson,jhuson94@slideshare.net,Male,1617 Victoria Plaza
330,Inez,Fills,ifills95@irs.gov,Female,2 Maryland Way
331,Antone,Garmanson,agarmanson96@dyndns.org,Male,115 Lakeland Point
332,Newton,Lucock,nlucock97@opera.com,Male,8 Doe Crossing Center
333,Paolina,Hassan,phassan98@sciencedirect.com,Female,8630 Main Terrace
334,Clea,Ellin,cellin99@reverbnation.com,Female,4 Prentice Parkway
335,Jenine,Coverly,jcoverly9a@google.nl,Female,31091 Butterfield Hill
336,Addy,Gooble,agooble9b@washington.edu,Male,35555 Iowa Pass
337,Jodie,Milroy,jmilroy9c@uiuc.edu,Female,8 Scoville Park
338,Roseanna,Hann,rhann9d@comsenz.com,Female,9 Kim Drive
339,Jake,Dreng,jdreng9e@wisc.edu,Male,44 Myrtle Way
340,Trevar,Ratke,tratke9f@about.me,Male,73 Stephen Point
341,Franciska,Foale,ffoale9g@weibo.com,Female,17691 Rowland Park
342,Romy,Clemes,rclemes9h@google.fr,Female,4656 Crest Line Alley
343,Dennison,Klaves,dklaves9i@army.mil,Male,19 Farwell Park
344,Harley,Rivalant,hrivalant9j@free.fr,Male,130 Roth Place
345,Elita,Bashford,ebashford9k@naver.com,Female,3608 Golden Leaf Street
346,Ula,MacKnockiter,umacknockiter9l@cnet.com,Female,01730 Pleasure Hill
347,Eden,Pavlovsky,epavlovsky9m@epa.gov,Female,3 Old Gate Crossing
348,Vittoria,Stiger,vstiger9n@nhs.uk,Female,60 Ohio Avenue
349,Lorette,Gillmor,lgillmor9o@mapy.cz,Female,349 American Ash Avenue
350,Gwennie,Capehorn,gcapehorn9p@rakuten.co.jp,Female,323 Petterle Alley
351,Estell,D'Hooge,edhooge9q@usnews.com,Female,91 Spohn Terrace
352,Polly,Woehler,pwoehler9r@chronoengine.com,Genderfluid,563 Magdeline Court
353,Roz,Hunter,rhunter9s@java.com,Female,21 Namekagon Street
354,Loise,Allbon,lallbon9t@amazon.co.jp,Female,7099 Fairfield Place
355,Edy,McCrie,emccrie9u@chron.com,Female,15387 Eagan Park
356,Emmett,Trollope,etrollope9v@princeton.edu,Male,35 1st Avenue
357,Doris,Geertsen,dgeertsen9w@cnet.com,Female,5016 Commercial Way
358,Woodrow,Orriss,worriss9x@stanford.edu,Male,8268 Cascade Hill
359,Micky,Tomek,mtomek9y@newsvine.com,Male,67714 Transport Way
360,Barbabra,Jakes,bjakes9z@intel.com,Female,19380 Commercial Lane
361,Suellen,McKeurton,smckeurtona0@opera.com,Female,99 Barby Terrace
362,Baldwin,Gambles,bgamblesa1@acquirethisname.com,Male,11 Lien Street
363,Robbie,Haigh,rhaigha2@cdbaby.com,Male,0284 Meadow Vale Street
364,Zacharia,Neave,zneavea3@gmpg.org,Male,69 Esch Point
365,Adolph,Gheorghe,agheorghea4@archive.org,Male,88 Merchant Hill
366,Allyson,Leasor,aleasora5@live.com,Female,1 Main Pass
367,Brendan,Kruschev,bkruscheva6@nih.gov,Male,64 Acker Crossing
368,Windham,Sagrott,wsagrotta7@chicagotribune.com,Male,020 Holy Cross Court
369,Rosalyn,Dansken,rdanskena8@google.com.hk,Female,36 Elka Avenue
370,Marietta,Cerie,mceriea9@quantcast.com,Male,3 Eastwood Lane
371,Jamey,Dunniom,jdunniomaa@unesco.org,Male,9 Forest Run Center
372,Myles,Maulden,mmauldenab@prweb.com,Male,8 Leroy Point
373,Aurelea,Shyram,ashyramac@dropbox.com,Female,528 Fremont Junction
374,Nealy,Le Provost,nleprovostad@alibaba.com,Male,381 Huxley Court
375,Garald,Asple,gaspleae@netvibes.com,Male,93446 Sauthoff Parkway
376,Carolus,Heaton,cheatonaf@chron.com,Male,5313 Petterle Parkway
377,Ahmed,Newlands,anewlandsag@purevolume.com,Male,32327 Waxwing Drive
378,Irina,Dionsetti,idionsettiah@oaic.gov.au,Female,68165 Cottonwood Crossing
379,Elvira,Leinweber,eleinweberai@php.net,Female,911 Hauk Point
380,Kala,Fantonetti,kfantonettiaj@arizona.edu,Female,41 Troy Alley
381,Giffard,Yggo,gyggoak@statcounter.com,Male,8152 Manley Crossing
382,Helaina,Frift,hfriftal@vinaora.com,Female,2 Monica Hill
383,Ortensia,Lightwood,olightwoodam@walmart.com,Female,51985 Village Drive
384,Margarethe,McKissack,mmckissackan@fda.gov,Female,124 Gulseth Plaza
385,Helli,Slader,hsladerao@ameblo.jp,Female,9 Forest Run Park
386,Tyson,Clousley,tclousleyap@theguardian.com,Male,57 Russell Street
387,Gregor,Pirolini,gpiroliniaq@tripod.com,Male,0 Ludington Trail
388,Kimmie,Dimbylow,kdimbylowar@youku.com,Female,639 Northfield Street
389,Maxi,Walbrun,mwalbrunas@sphinn.com,Female,5636 Granby Junction
390,Zia,Pinshon,zpinshonat@senate.gov,Female,15679 Lakeland Court
391,Filmer,Labitt,flabittau@omniture.com,Male,060 Dryden Center
392,Norene,Gilley,ngilleyav@livejournal.com,Female,48359 6th Pass
393,Georas,Crippes,gcrippesaw@jimdo.com,Male,11567 Mosinee Way
394,Byrann,Mattke,bmattkeax@edublogs.org,Polygender,9 Steensland Circle
395,Nikaniki,Blemings,nblemingsay@mediafire.com,Female,9151 Rockefeller Trail
396,Zane,Evans,zevansaz@reverbnation.com,Male,7 Del Mar Trail
397,Milena,Coneybeer,mconeybeerb0@nyu.edu,Genderfluid,0 Stephen Pass
398,Sherri,Enderlein,senderleinb1@cdbaby.com,Female,14206 Burrows Place
399,Mirilla,Malt,mmaltb2@cnbc.com,Female,537 Hoffman Terrace
400,Thibaud,Mapam,tmapamb3@timesonline.co.uk,Male,59302 Calypso Terrace
401,Almeta,Diament,adiamentb4@yahoo.co.jp,Female,66 Warrior Crossing
402,Ardine,Canning,acanningb5@google.co.uk,Female,913 Meadow Valley Junction
403,Kerwin,Bedham,kbedhamb6@redcross.org,Male,9 Sauthoff Way
404,Tamara,Ible,tibleb7@twitpic.com,Female,45 Del Sol Road
405,Christiane,Schrir,cschrirb8@jiathis.com,Female,99898 8th Hill
406,Rozalin,Reisenberg,rreisenbergb9@de.vu,Female,24 Fieldstone Hill
407,Eleen,Domnin,edomninba@surveymonkey.com,Female,88 Lindbergh Park
408,Carree,Debnam,cdebnambb@fc2.com,Female,84 Jenifer Plaza
409,Alwin,Glitherow,aglitherowbc@opensource.org,Male,9 Summerview Pass
410,Rosanne,Pettisall,rpettisallbd@mit.edu,Female,82099 Brown Drive
411,Dougy,Fowgies,dfowgiesbe@com.com,Male,66 Mesta Junction
412,Bastien,Spanswick,bspanswickbf@spiegel.de,Male,87397 Claremont Plaza
413,Alisha,MacHarg,amachargbg@army.mil,Female,1 Del Sol Trail
414,Isadore,Gourdon,igourdonbh@amazonaws.com,Male,65 Gale Parkway
415,Barth,Harriskine,bharriskinebi@godaddy.com,Bigender,35 Alpine Avenue
416,Mead,Reddan,mreddanbj@ifeng.com,Male,55 Clyde Gallagher Lane
417,Modesty,Farbrace,mfarbracebk@pagesperso-orange.fr,Female,0 Stuart Trail
418,Nathanael,Cavey,ncaveybl@timesonline.co.uk,Polygender,8924 Blackbird Place
419,Niall,Baudassi,nbaudassibm@com.com,Male,97 Bluejay Avenue
420,Lil,Zorro,lzorrobn@nytimes.com,Female,861 Shasta Drive
421,Alasdair,Mackinder,amackinderbo@bizjournals.com,Male,7 Melvin Circle
422,Tuck,Cadell,tcadellbp@artisteer.com,Male,0223 Bellgrove Avenue
423,Frank,Neesam,fneesambq@typepad.com,Female,466 Transport Lane
424,Vassili,Allinson,vallinsonbr@cpanel.net,Male,994 Holy Cross Circle
425,Dawn,Soltan,dsoltanbs@histats.com,Female,2777 Superior Center
426,Leone,De Mico,ldemicobt@bloglines.com,Female,53661 Corben Park
427,Merill,Kernock,mkernockbu@photobucket.com,Male,6794 Hauk Junction
428,Lu,Danzig,ldanzigbv@freewebs.com,Female,6642 Blaine Parkway
429,Jeniffer,Aitkenhead,jaitkenheadbw@uol.com.br,Female,5084 Karstens Plaza
430,Yance,Sanzio,ysanziobx@nih.gov,Male,2 Ludington Parkway
431,Garvin,Roan,groanby@bandcamp.com,Male,7 Lawn Road
432,Freemon,Dy,fdybz@marriott.com,Male,48 Pennsylvania Place
433,Hedwiga,Limming,hlimmingc0@bing.com,Female,1195 Golden Leaf Place
434,Daloris,Adel,dadelc1@mapy.cz,Bigender,7864 Riverside Drive
435,Dana,Tilley,dtilleyc2@tmall.com,Male,4848 Kennedy Center
436,Amii,Poker,apokerc3@youku.com,Female,1 Shopko Trail
437,Stefania,Kimmings,skimmingsc4@examiner.com,Female,9525 Kenwood Street
438,Leonardo,Dowbakin,ldowbakinc5@imgur.com,Male,903 Buell Center
439,Roselle,Finden,rfindenc6@scientificamerican.com,Female,08385 Ohio Trail
440,Elita,Road,eroadc7@joomla.org,Female,8003 Summer Ridge Road
441,Jamesy,Hardwell,jhardwellc8@ox.ac.uk,Male,993 5th Drive
442,Marielle,Bollen,mbollenc9@github.com,Female,2787 Canary Park
443,Adara,Nussey,anusseyca@hao123.com,Female,8330 Lindbergh Street
444,Agnola,Izakov,aizakovcb@tiny.cc,Female,8390 Glacier Hill Crossing
445,Joey,St Quenin,jstquenincc@elpais.com,Female,111 Straubel Drive
446,Avrit,Crampin,acrampincd@hostgator.com,Female,16 Jenifer Place
447,Jerrine,Fawcitt,jfawcittce@webs.com,Non-binary,5 Hayes Street
448,Karol,Varley,kvarleycf@livejournal.com,Female,0 Johnson Pass
449,Dorisa,Hamprecht,dhamprechtcg@cornell.edu,Female,1579 Ramsey Avenue
450,Merilyn,Lynds,mlyndsch@yellowbook.com,Polygender,1383 Farwell Trail
451,Othella,Canavan,ocanavanci@statcounter.com,Female,986 Sycamore Parkway
452,Eduardo,Ramelet,erameletcj@imdb.com,Male,9 Corry Hill
453,Ernie,Biggerdike,ebiggerdikeck@virginia.edu,Male,43 Dottie Pass
454,Amargo,Jacks,ajackscl@mail.ru,Female,7 Mandrake Avenue
455,Romy,Houltham,rhoulthamcm@dagondesign.com,Female,6 Straubel Pass
456,Donica,Judkins,djudkinscn@yandex.ru,Female,3679 Autumn Leaf Park
457,Aubine,Volkes,avolkesco@sciencedaily.com,Female,2 Sage Hill
458,Ibbie,Tewkesbury,itewkesburycp@stumbleupon.com,Female,7 Londonderry Place
459,Kerstin,Cejka,kcejkacq@auda.org.au,Female,2 Schurz Way
460,Christy,Pelchat,cpelchatcr@discovery.com,Male,2 Tennessee Avenue
461,Loree,Dufer,ldufercs@wikispaces.com,Female,2 Delaware Road
462,Doyle,Abbati,dabbatict@lulu.com,Male,10191 Old Shore Lane
463,Rafaelita,Sexcey,rsexceycu@npr.org,Female,3 Spenser Lane
464,Jackqueline,Savidge,jsavidgecv@cargocollective.com,Female,9 Calypso Avenue
465,Bendite,Sockell,bsockellcw@smugmug.com,Female,42254 Spenser Alley
466,Dennie,Jeanenet,djeanenetcx@eepurl.com,Male,78 Moulton Alley
467,Eb,Dackombe,edackombecy@com.com,Male,3150 Wayridge Junction
468,Bartlet,Vick,bvickcz@ebay.com,Male,62292 Sunnyside Drive
469,West,Bisgrove,wbisgroved0@lulu.com,Male,0451 Aberg Point
470,Lee,Wright,lwrightd1@examiner.com,Female,36250 Fremont Point
471,George,Stodhart,gstodhartd2@amazon.com,Male,47 Loftsgordon Junction
472,Reynard,Phippin,rphippind3@sakura.ne.jp,Male,29592 Kings Place
473,Vinni,Redmell,vredmelld4@goo.ne.jp,Female,542 Sachtjen Way
474,Chrystel,Woltman,cwoltmand5@over-blog.com,Female,81 Emmet Hill
475,Lurleen,Tupie,ltupied6@nymag.com,Female,39635 Loftsgordon Way
476,Benjy,Brun,bbrund7@businesswire.com,Male,99053 Fairview Hill
477,Kiele,Tailby,ktailbyd8@about.com,Bigender,093 Lakeland Way
478,Mala,Kanwell,mkanwelld9@bing.com,Non-binary,75 Lotheville Alley
479,Nataline,Baswall,nbaswallda@xing.com,Female,39 Blaine Street
480,Fernanda,Hallgate,fhallgatedb@dyndns.org,Female,45 Beilfuss Point
481,Hillier,McCrillis,hmccrillisdc@pcworld.com,Male,7 Evergreen Way
482,Camilla,Sussams,csussamsdd@instagram.com,Female,7 Butterfield Drive
483,Berta,Hatz,bhatzde@geocities.jp,Female,2412 Texas Court
484,Philippa,Mc Harg,pmchargdf@rambler.ru,Female,6800 Barby Crossing
485,Hammad,Julien,hjuliendg@blogspot.com,Male,08804 Crest Line Way
486,Serena,Willmetts,swillmettsdh@opensource.org,Female,52619 International Road
487,Alis,McQuaid,amcquaiddi@dell.com,Female,32 Gina Junction
488,Judith,Fantham,jfanthamdj@newsvine.com,Female,752 Wayridge Terrace
489,Andrey,Croydon,acroydondk@icio.us,Male,6 Comanche Avenue
490,Almire,Bertomieu,abertomieudl@mayoclinic.com,Female,8849 Hooker Lane
491,Roberto,Riseborough,rriseboroughdm@github.com,Male,54 Rowland Crossing
492,Salomone,Lefever,slefeverdn@senate.gov,Male,607 Holmberg Alley
493,Heddie,Antonsen,hantonsendo@wordpress.org,Female,43133 Sheridan Pass
494,Augy,Tremeer,atremeerdp@cbc.ca,Male,9 Ilene Parkway
495,Bertrando,Chang,bchangdq@usgs.gov,Male,5297 Bowman Lane
496,Isabella,Hatch,ihatchdr@hud.gov,Agender,9 Brown Circle
497,Kendall,Kondratyuk,kkondratyukds@ft.com,Male,4729 Monica Point
498,Marney,Gatecliffe,mgatecliffedt@census.gov,Female,7845 Cottonwood Trail
499,Harrietta,Ertel,herteldu@shop-pro.jp,Genderqueer,74 Dennis Pass
500,Sissy,Anslow,sanslowdv@vk.com,Female,24 Kenwood Circle
501,Cathyleen,Smorthwaite,csmorthwaitedw@google.co.uk,Genderqueer,4770 Linden Avenue
502,Cristabel,Keenleyside,ckeenleysidedx@nasa.gov,Female,86 Clarendon Crossing
503,Melisandra,Shepley,mshepleydy@adobe.com,Female,7453 Corben Crossing
504,Cornell,Cheevers,ccheeversdz@examiner.com,Male,7 Rieder Hill
505,Modestia,Manuel,mmanuele0@artisteer.com,Female,90 New Castle Center
506,Barbara,Zoephel,bzoephele1@ft.com,Non-binary,1 Norway Maple Road
507,Addy,Filipponi,afilipponie2@t-online.de,Male,5698 Corry Circle
508,Sheffy,Langman,slangmane3@msu.edu,Male,41 Glendale Road
509,Nero,Beldan,nbeldane4@usa.gov,Male,72744 Saint Paul Terrace
510,Keefer,Yukhnev,kyukhneve5@odnoklassniki.ru,Male,2746 Iowa Crossing
511,Tracy,Surmeyers,tsurmeyerse6@yellowpages.com,Male,41311 Rusk Terrace
512,Alvin,Crystal,acrystale7@sakura.ne.jp,Male,1 Manley Avenue
513,Gale,Caldwell,gcaldwelle8@icq.com,Female,536 Banding Drive
514,Dolf,Trafford,dtrafforde9@nps.gov,Male,0 Grayhawk Center
515,Rosalie,Domenichini,rdomenichiniea@smugmug.com,Female,7580 Bayside Way
516,Terrance,Blomefield,tblomefieldeb@usda.gov,Male,8408 Nelson Way
517,Rafael,Bromehead,rbromeheadec@51.la,Male,53116 Golden Leaf Junction
518,Tracee,St. Quentin,tstquentined@cnbc.com,Female,08 Scott Drive
519,Clarissa,Allott,callottee@rediff.com,Female,02 Cascade Way
520,Eulalie,Wignall,ewignallef@phoca.cz,Bigender,0400 Buell Pass
521,Gerard,Greasley,ggreasleyeg@bloglovin.com,Genderqueer,4148 Dapin Plaza
522,Worthy,Penticoot,wpenticooteh@timesonline.co.uk,Male,9 Iowa Trail
523,Reagan,Vedstra,rvedstraei@goo.gl,Male,4 Lighthouse Bay Circle
524,Jesse,Jumonet,jjumonetej@yellowpages.com,Male,463 Lakewood Gardens Drive
525,Bronnie,Strange,bstrangeek@arstechnica.com,Genderqueer,268 Red Cloud Crossing
526,Sheffie,Zamora,szamorael@microsoft.com,Male,8339 Graedel Pass
527,Nariko,Markovich,nmarkovichem@nasa.gov,Female,50 Dennis Circle
528,Lindon,Debill,ldebillen@360.cn,Male,9886 Hooker Parkway
529,Forster,Southerden,fsoutherdeneo@php.net,Male,2323 Debra Terrace
530,Lovell,Lantry,llantryep@miitbeian.gov.cn,Male,31117 Crest Line Crossing
531,Clarette,Barthot,cbarthoteq@earthlink.net,Female,570 Division Way
532,Tiffany,Ozintsev,tozintsever@com.com,Genderqueer,10400 Del Sol Parkway
533,Burke,Rulf,brulfes@statcounter.com,Male,203 Quincy Plaza
534,Erik,Josephov,ejosephovet@nhs.uk,Male,79645 Fisk Way
535,Dana,Yaldren,dyaldreneu@cpanel.net,Male,456 School Place
536,Eudora,Guillerman,eguillermanev@pagesperso-orange.fr,Female,4 6th Plaza
537,Joane,Fireman,jfiremanew@hubpages.com,Female,04476 Alpine Crossing
538,Moreen,Emmert,memmertex@mysql.com,Female,58539 Ridge Oak Way
539,Sascha,Barrable,sbarrableey@earthlink.net,Female,372 Boyd Parkway
540,Kermie,Sommerland,ksommerlandez@etsy.com,Male,3289 Rigney Hill
541,Trev,Krolak,tkrolakf0@hp.com,Male,1 Green Terrace
542,Ragnar,Sarsfield,rsarsfieldf1@hexun.com,Male,5131 Melby Point
543,Mikol,Tumbridge,mtumbridgef2@jigsy.com,Male,81 Valley Edge Plaza
544,Thorvald,Cockroft,tcockroftf3@who.int,Male,61 Stephen Point
545,Aridatha,Witt,awittf4@weibo.com,Female,39450 Artisan Junction
546,Liane,Willerson,lwillersonf5@tmall.com,Polygender,61549 Lyons Lane
547,Elia,Overington,eoveringtonf6@desdev.cn,Male,927 La Follette Avenue
548,Ellene,Leipoldt,eleipoldtf7@themeforest.net,Female,67 Glacier Hill Terrace
549,Hussein,Soltan,hsoltanf8@time.com,Male,121 Del Sol Trail
550,Antonie,Grabeham,agrabehamf9@alibaba.com,Female,6815 Arrowood Center
551,Cami,Grouen,cgrouenfa@istockphoto.com,Female,5437 Sutherland Junction
552,Manolo,Crump,mcrumpfb@posterous.com,Male,5863 Arapahoe Terrace
553,Meryl,Gooms,mgoomsfc@jiathis.com,Female,6 Clyde Gallagher Drive
554,Titos,MacKenny,tmackennyfd@yellowbook.com,Male,0 Kensington Hill
555,Carmine,Louiset,clouisetfe@si.edu,Male,4155 Fairfield Road
556,Adele,Dominicacci,adominicacciff@ask.com,Female,347 Bobwhite Pass
557,Jere,Vickerstaff,jvickerstafffg@answers.com,Non-binary,489 Rowland Parkway
558,Bearnard,Berrisford,bberrisfordfh@meetup.com,Male,7 Mallard Point
559,Ulrikaumeko,Matusov,umatusovfi@51.la,Female,38 Anthes Plaza
560,Suzette,Mussolini,smussolinifj@wp.com,Female,4 Loftsgordon Plaza
561,Hyman,Rowledge,hrowledgefk@comsenz.com,Male,4 Roxbury Alley
562,Marchelle,Hassen,mhassenfl@msu.edu,Female,52 Summerview Trail
563,Julius,Giacobilio,jgiacobiliofm@woothemes.com,Male,08 Vernon Terrace
564,Delora,Tankin,dtankinfn@github.com,Female,25536 Springview Street
565,Patty,Belvin,pbelvinfo@xinhuanet.com,Polygender,3726 Loomis Drive
566,Cecily,Salatino,csalatinofp@opensource.org,Female,12116 Lakewood Gardens Crossing
567,Gena,Elverston,gelverstonfq@vistaprint.com,Female,31 Redwing Point
568,Ira,Egre,iegrefr@psu.edu,Male,9535 Hoffman Place
569,Tadio,Babber,tbabberfs@mozilla.com,Male,9 Emmet Circle
570,Diane,Gloy,dgloyft@spiegel.de,Female,3 Emmet Lane
571,Jenda,Andreotti,jandreottifu@yale.edu,Female,6396 Schlimgen Point
572,Heda,Leddy,hleddyfv@oaic.gov.au,Agender,08 Caliangt Way
573,Bertine,Stuck,bstuckfw@soup.io,Female,7 Weeping Birch Way
574,Wendye,Beal,wbealfx@businessweek.com,Female,61 Buena Vista Avenue
575,Iorgos,Lynds,ilyndsfy@domainmarket.com,Male,6452 Johnson Drive
576,Rhody,O'Leahy,roleahyfz@istockphoto.com,Female,80 Pine View Crossing
577,Davina,Mosey,dmoseyg0@linkedin.com,Female,59 Ryan Crossing
578,Norrie,Grouse,ngrouseg1@ebay.com,Male,73214 Florence Park
579,Piper,Gunnell,pgunnellg2@devhub.com,Female,85 Green Pass
580,Godfry,Zucker,gzuckerg3@wikia.com,Male,8538 Charing Cross Alley
581,Giorgi,Yanyushkin,gyanyushking4@irs.gov,Male,3575 Morrow Way
582,Charmian,Mersh,cmershg5@addtoany.com,Female,5878 Clyde Gallagher Hill
583,Forest,Nodin,fnoding6@ihg.com,Male,981 Twin Pines Lane
584,Maddi,Vannoort,mvannoortg7@toplist.cz,Female,29 Di Loreto Way
585,Henrieta,Rebillard,hrebillardg8@upenn.edu,Female,64055 8th Circle
586,Kally,Grubbe,kgrubbeg9@meetup.com,Female,49998 Barby Park
587,Horatio,Spleving,hsplevingga@wired.com,Male,254 Reindahl Alley
588,Bart,Danelet,bdaneletgb@hubpages.com,Male,95 Columbus Avenue
589,Yul,Surcomb,ysurcombgc@hao123.com,Male,12181 Thackeray Point
590,Mayer,Le Grys,mlegrysgd@nymag.com,Male,281 Spohn Drive
591,Muffin,Pagen,mpagenge@ameblo.jp,Female,2 Anthes Terrace
592,Lola,Huck,lhuckgf@uiuc.edu,Female,95 Anniversary Lane
593,Elena,Hallaways,ehallawaysgg@domainmarket.com,Female,9 Golf Course Place
594,Mitchel,Barratt,mbarrattgh@statcounter.com,Male,3228 Kingsford Junction
595,Sabra,Wailes,swailesgi@hatena.ne.jp,Agender,21116 Hanover Lane
596,Charlean,Heymann,cheymanngj@nsw.gov.au,Female,72 Menomonie Hill
597,Lennard,Riccetti,lriccettigk@fastcompany.com,Male,2 Haas Court
598,Lorenzo,Ions,lionsgl@woothemes.com,Male,3 Manley Road
599,Adriaens,Grzelewski,agrzelewskigm@aboutads.info,Female,9 Schurz Alley
600,Harwilll,Zanni,hzannign@macromedia.com,Male,76 Bunting Junction
601,Jess,Mackerness,jmackernessgo@domainmarket.com,Male,1815 Hazelcrest Terrace
602,Gilli,Tipler,gtiplergp@de.vu,Female,024 Ridge Oak Terrace
603,Lars,Regis,lregisgq@oracle.com,Male,328 American Ash Drive
604,Maible,Dowbakin,mdowbakingr@tiny.cc,Bigender,6270 Kenwood Terrace
605,Kilian,Doe,kdoegs@nbcnews.com,Male,95611 East Court
606,Jeremie,Riteley,jriteleygt@wsj.com,Male,7635 Anhalt Way
607,Jacqui,Broady,jbroadygu@netvibes.com,Genderqueer,05 Hayes Plaza
608,Far,Pendry,fpendrygv@about.me,Male,809 Quincy Drive
609,Budd,Hebson,bhebsongw@loc.gov,Male,781 Butterfield Way
610,Rhona,Stoyles,rstoylesgx@bloglines.com,Female,599 Shelley Place
611,Giacomo,Piner,gpinergy@xrea.com,Male,04314 Waubesa Crossing
612,Merell,ffrench Beytagh,mffrenchbeytaghgz@nifty.com,Male,33894 Division Parkway
613,Lurline,Trendle,ltrendleh0@ovh.net,Female,4426 Bartelt Terrace
614,Nevins,Amyes,namyesh1@umich.edu,Male,5 Washington Terrace
615,Aveline,Dingle,adingleh2@linkedin.com,Female,33 Ronald Regan Road
616,Virgie,Wearn,vwearnh3@php.net,Male,16 7th Way
617,Franklyn,Seaborn,fseabornh4@china.com.cn,Male,6780 Dawn Terrace
618,Melony,Wonfar,mwonfarh5@rediff.com,Female,2026 Doe Crossing Crossing
619,Letisha,Mesant,lmesanth6@google.com.hk,Female,8081 Holmberg Way
620,Allard,Carless,acarlessh7@yolasite.com,Male,165 Morningstar Parkway
621,Lauryn,Liepina,lliepinah8@parallels.com,Female,2115 Sugar Point
622,Chrissie,Stonard,cstonardh9@harvard.edu,Female,338 Northland Road
623,Vilhelmina,Joannic,vjoannicha@artisteer.com,Genderqueer,4 Montana Alley
624,Odele,Edensor,oedensorhb@last.fm,Female,52140 Ludington Hill
625,Giffie,Cardenas,gcardenashc@hostgator.com,Male,4 Hoepker Court
626,Steve,Antoniat,santoniathd@bbb.org,Male,8696 Roxbury Junction
627,Jilleen,Kestell,jkestellhe@seesaa.net,Female,98 2nd Center
628,Byrann,Rosita,brositahf@si.edu,Male,077 Brown Center
629,Bernardina,Stubbley,bstubbleyhg@reuters.com,Female,71 Packers Road
630,Viviana,Urlin,vurlinhh@nhs.uk,Female,7 Twin Pines Street
631,Georges,Strowlger,gstrowlgerhi@bbc.co.uk,Bigender,105 Sutteridge Trail
632,Abbi,Jemmison,ajemmisonhj@spiegel.de,Female,6 Ludington Road
633,Charline,McMillan,cmcmillanhk@constantcontact.com,Female,46077 Myrtle Hill
634,Meredeth,Mannering,mmanneringhl@wired.com,Male,6830 Forest Dale Drive
635,Reider,Endle,rendlehm@yahoo.com,Male,6582 Lawn Pass
636,Derk,Giacobo,dgiacobohn@1und1.de,Male,60683 Jenna Drive
637,Tuesday,Dudgeon,tdudgeonho@washington.edu,Female,72 Warner Road
638,Stacee,Wadhams,swadhamshp@china.com.cn,Female,8 Kingsford Street
639,Hyatt,Mauvin,hmauvinhq@networksolutions.com,Genderfluid,42128 Forest Dale Junction
640,Reilly,Newland,rnewlandhr@sina.com.cn,Male,8676 Montana Center
641,Giusto,Nutbeem,gnutbeemhs@1688.com,Male,598 Amoth Park
642,Marena,Terbeek,mterbeekht@businessinsider.com,Female,95 Bartelt Avenue
643,Starr,Mostin,smostinhu@canalblog.com,Female,75 3rd Street
644,Westley,Pixton,wpixtonhv@reddit.com,Male,2204 Calypso Pass
645,Lorette,Suddock,lsuddockhw@soundcloud.com,Female,8288 Crownhardt Crossing
646,Pearla,Leyband,pleybandhx@fastcompany.com,Genderqueer,8578 Carpenter Center
647,Kristofor,Sibun,ksibunhy@bluehost.com,Male,2532 Jana Way
648,Sigismund,Matthews,smatthewshz@studiopress.com,Male,64081 Warrior Point
649,Nap,Balint,nbalinti0@blogtalkradio.com,Male,286 Tennyson Drive
650,Maggie,Straw,mstrawi1@aol.com,Female,106 Monica Plaza
651,Melosa,Cosgrive,mcosgrivei2@yale.edu,Female,67960 Milwaukee Alley
652,Brook,Kuhle,bkuhlei3@example.com,Female,8864 Morrow Terrace
653,Alfie,Lemmon,alemmoni4@flickr.com,Female,02266 Magdeline Junction
654,Hermy,Alesio,halesioi5@cafepress.com,Male,1 Oneill Trail
655,Ira,Poyle,ipoylei6@lulu.com,Female,28 Grover Crossing
656,Lisabeth,Frango,lfrangoi7@biblegateway.com,Female,45 Emmet Way
657,Ceciley,Wickham,cwickhami8@prlog.org,Female,891 Vahlen Street
658,Darcy,Toma,dtomai9@plala.or.jp,Female,3435 Surrey Center
659,Eustace,Checci,echecciia@archive.org,Male,5694 Muir Alley
660,Even,Zold,ezoldib@tuttocitta.it,Male,92 Milwaukee Hill
661,Paulie,Salomon,psalomonic@slashdot.org,Genderqueer,519 Carberry Hill
662,Penelope,Vannar,pvannarid@bbc.co.uk,Female,534 Katie Park
663,Aridatha,O'Carran,aocarranie@google.ru,Female,5 Hovde Way
664,Minerva,Sevin,msevinif@360.cn,Female,5164 Charing Cross Way
665,Dion,Standidge,dstandidgeig@homestead.com,Male,629 Bellgrove Point
666,Derick,Christy,dchristyih@nasa.gov,Male,1 Heath Place
667,Feliks,Hand,fhandii@bigcartel.com,Male,673 Barby Center
668,Rory,Anwyl,ranwylij@newyorker.com,Male,87 Blue Bill Park Trail
669,Maren,Craisford,mcraisfordik@constantcontact.com,Female,018 Cardinal Center
670,Tracey,Calf,tcalfil@liveinternet.ru,Female,14 Parkside Park
671,Parker,Eastwood,peastwoodim@360.cn,Male,304 Steensland Park
672,Christos,Troppmann,ctroppmannin@twitpic.com,Male,871 Westend Crossing
673,Tybi,Pettisall,tpettisallio@sitemeter.com,Female,2 Crownhardt Drive
674,Davide,Capell,dcapellip@apache.org,Male,24666 Hauk Street
675,Saraann,Emsden,semsdeniq@cam.ac.uk,Female,8 Redwing Pass
676,Ware,Keinrat,wkeinratir@yahoo.co.jp,Male,90 Fuller Parkway
677,Frederich,Croome,fcroomeis@adobe.com,Genderqueer,051 Armistice Park
678,Gearalt,Langmead,glangmeadit@nih.gov,Male,16836 Colorado Way
679,Bale,Smeall,bsmealliu@wordpress.com,Male,23592 Cody Place
680,Husein,Salsbury,hsalsburyiv@seesaa.net,Male,6 Ridge Oak Street
681,Lowe,Crumb,lcrumbiw@nbcnews.com,Bigender,44791 Mccormick Hill
682,Gregg,Tolmie,gtolmieix@virginia.edu,Male,1 Village Center
683,Kale,McGee,kmcgeeiy@4shared.com,Male,35630 Bobwhite Circle
684,Allyn,Bigglestone,abigglestoneiz@about.com,Male,8366 Farragut Drive
685,Dyna,Corney,dcorneyj0@wunderground.com,Female,360 Fallview Point
686,Craig,Wearden,cweardenj1@vistaprint.com,Male,111 Dexter Parkway
687,Fenelia,Sanders,fsandersj2@blogger.com,Female,9430 Trailsway Parkway
688,Lorelei,Pennuzzi,lpennuzzij3@dyndns.org,Female,169 Rutledge Alley
689,Filide,Rawe,frawej4@baidu.com,Female,59674 Dixon Pass
690,Sergei,Billett,sbillettj5@illinois.edu,Male,4 Lawn Hill
691,Ardra,Ewing,aewingj6@amazon.co.uk,Female,83 Browning Court
692,Agata,Cornelisse,acornelissej7@bing.com,Female,58 Rutledge Court
693,Lona,Hassent,lhassentj8@ask.com,Agender,63 Namekagon Lane
694,Daffie,Floris,dflorisj9@qq.com,Female,6 Mandrake Terrace
695,Lexy,Armiger,larmigerja@delicious.com,Female,328 7th Court
696,Wilmette,Lagadu,wlagadujb@clickbank.net,Female,4372 Ludington Plaza
697,Jeremias,Clymo,jclymojc@senate.gov,Male,0125 Cody Trail
698,Johna,Smallshaw,jsmallshawjd@purevolume.com,Polygender,83037 Lakewood Gardens Terrace
699,Izabel,Fassan,ifassanje@omniture.com,Female,5877 Maple Wood Junction
700,Steve,Diddams,sdiddamsjf@simplemachines.org,Male,04 Ronald Regan Hill
701,Salvador,Charleston,scharlestonjg@feedburner.com,Male,0442 Schurz Center
702,Janis,Millwall,jmillwalljh@wired.com,Female,9 Anderson Way
703,Kriste,Basnall,kbasnallji@youtube.com,Female,8 1st Center
704,Coralyn,Grellis,cgrellisjj@hud.gov,Female,45 Parkside Crossing
705,Bell,Margram,bmargramjk@zimbio.com,Bigender,2437 Acker Drive
706,Reube,Powis,rpowisjl@umn.edu,Male,67107 Ruskin Junction
707,Tyrone,Crombleholme,tcrombleholmejm@jalbum.net,Male,027 Logan Junction
708,Beatriz,Kroger,bkrogerjn@ihg.com,Female,0 Sheridan Plaza
709,Morley,Swanne,mswannejo@cpanel.net,Male,9 Rutledge Point
710,Hesther,Spurdens,hspurdensjp@harvard.edu,Female,45209 West Street
711,Chalmers,Twede,ctwedejq@ibm.com,Male,719 Reindahl Avenue
712,Emmie,Sisley,esisleyjr@drupal.org,Female,1 Main Center
713,Ida,Sharland,isharlandjs@drupal.org,Female,28 Warrior Place
714,Con,Goggen,cgoggenjt@guardian.co.uk,Female,4031 Hallows Way
715,Gussie,Barnewille,gbarnewilleju@issuu.com,Female,569 Northwestern Trail
716,Baldwin,Frayne,bfraynejv@google.es,Male,51672 Superior Street
717,Woodrow,Enga,wengajw@washingtonpost.com,Male,5 Montana Crossing
718,Gardiner,Cordell,gcordelljx@google.es,Male,6085 Trailsway Trail
719,Grange,Plane,gplanejy@squarespace.com,Male,48 Westerfield Way
720,Rica,Antoniewicz,rantoniewiczjz@ifeng.com,Female,545 Rigney Hill
721,Cyb,Inworth,cinworthk0@whitehouse.gov,Female,85 Carpenter Pass
722,Finlay,Van Dijk,fvandijkk1@state.tx.us,Male,8860 Cherokee Point
723,Dillon,Mackett,dmackettk2@time.com,Male,283 Carey Place
724,Mary,Ragge,mraggek3@constantcontact.com,Female,4680 Starling Court
725,Jenny,Dartan,jdartank4@newsvine.com,Female,46 4th Street
726,Fanya,Cullerne,fcullernek5@alexa.com,Female,65 Lakeland Hill
727,Beulah,Scotford,bscotfordk6@abc.net.au,Bigender,7 Vidon Trail
728,Jacquette,Gregan,jgregank7@about.com,Female,9267 Vera Crossing
729,Lorant,Lamps,llampsk8@google.com.hk,Male,57750 Donald Street
730,Sabra,De la Harpe,sdelaharpek9@zdnet.com,Female,51 Hansons Crossing
731,Ryley,Spitaro,rspitaroka@fc2.com,Male,41164 Anderson Parkway
732,Peggy,Boyat,pboyatkb@patch.com,Female,520 Schurz Way
733,Gorden,Daniely,gdanielykc@tripod.com,Male,3 Sunnyside Terrace
734,Llewellyn,Kassman,lkassmankd@buzzfeed.com,Male,4750 West Road
735,Byrom,Leffek,bleffekke@sogou.com,Male,1949 Porter Lane
736,Loydie,Rew,lrewkf@elegantthemes.com,Male,808 Bunting Alley
737,Fletcher,Cromblehome,fcromblehomekg@latimes.com,Male,8696 Westridge Road
738,Lin,Wigglesworth,lwigglesworthkh@fotki.com,Female,0 Waywood Plaza
739,Tito,Clancy,tclancyki@mapy.cz,Male,3 Ludington Alley
740,Krissy,Slamaker,kslamakerkj@sfgate.com,Female,06 Carey Avenue
741,Christan,Houchen,chouchenkk@cnbc.com,Polygender,4255 Rutledge Lane
742,Cazzie,Wenzel,cwenzelkl@sciencedirect.com,Male,9470 Cherokee Road
743,Lonnard,Philpault,lphilpaultkm@purevolume.com,Male,5838 Longview Court
744,Rory,Summerhayes,rsummerhayeskn@oaic.gov.au,Male,2 Continental Pass
745,Winfred,Bound,wboundko@themeforest.net,Male,456 Evergreen Park
746,Tobe,Leechman,tleechmankp@salon.com,Female,909 Homewood Trail
747,Asher,Shapcote,ashapcotekq@springer.com,Male,88 Springview Plaza
748,Wolfie,Antoszewski,wantoszewskikr@indiatimes.com,Male,02 Service Hill
749,Keri,Doige,kdoigeks@abc.net.au,Female,2 Redwing Road
750,Craig,Dowty,cdowtykt@dailymotion.com,Male,35 Harbort Park
751,Aleen,Egdal,aegdalku@bloglovin.com,Female,28 Armistice Crossing
752,Gabrila,Cragell,gcragellkv@wp.com,Female,130 Cordelia Parkway
753,Marmaduke,Shawley,mshawleykw@reverbnation.com,Male,15714 Brickson Park Crossing
754,Townie,Harpham,tharphamkx@stumbleupon.com,Male,26988 Schlimgen Pass
755,Carter,Maxfield,cmaxfieldky@livejournal.com,Male,6 Kedzie Center
756,Suzi,Burland,sburlandkz@parallels.com,Agender,3804 Hudson Hill
757,Sari,McNabb,smcnabbl0@alibaba.com,Female,6113 Upham Court
758,Burtie,Kinson,bkinsonl1@lulu.com,Male,642 Lyons Parkway
759,Marinna,Albarez,malbarezl2@europa.eu,Agender,27871 Hagan Place
760,Yasmeen,Satteford,ysattefordl3@census.gov,Female,662 Spaight Pass
761,Oralia,Levings,olevingsl4@sciencedaily.com,Female,5 Toban Parkway
762,Linda,Doumenc,ldoumencl5@netvibes.com,Female,3519 Ludington Trail
763,Chelsea,Sodeau,csodeaul6@ibm.com,Female,89 Arizona Crossing
764,Beniamino,Whitemarsh,bwhitemarshl7@sina.com.cn,Male,362 Dayton Road
765,Lonnard,Bransden,lbransdenl8@paypal.com,Male,0485 Kropf Way
766,Conny,Danielski,cdanielskil9@amazon.co.jp,Male,0544 High Crossing Way
767,Anna,Newbury,anewburyla@gmpg.org,Agender,88663 David Alley
768,Rinaldo,De Matteis,rdematteislb@yandex.ru,Genderfluid,594 Talisman Trail
769,Kathryne,Goaley,kgoaleylc@hud.gov,Female,607 Reinke Place
770,Jarret,Klousner,jklousnerld@sitemeter.com,Male,25 Boyd Parkway
771,Sanford,Bortolutti,sbortoluttile@trellian.com,Male,817 Sloan Terrace
772,Gwenora,Jemmison,gjemmisonlf@comcast.net,Agender,30094 Hoepker Plaza
773,Leola,Sharratt,lsharrattlg@chron.com,Female,6 Lindbergh Terrace
774,Cammy,Baldung,cbaldunglh@nbcnews.com,Male,11 Sommers Park
775,Risa,Bridgestock,rbridgestockli@hud.gov,Female,54 Weeping Birch Court
776,Haley,O'Mullaney,homullaneylj@goo.gl,Female,567 Starling Road
777,Barny,Sharply,bsharplylk@mysql.com,Male,10 Upham Lane
778,Jerry,Aindriu,jaindriull@freewebs.com,Female,0 Northland Park
779,Brendon,Vala,bvalalm@icio.us,Male,4580 Victoria Court
780,Shir,Cayley,scayleyln@cisco.com,Female,02 Nancy Hill
781,Charmain,Stallworth,cstallworthlo@moonfruit.com,Polygender,09 Evergreen Plaza
782,Valida,Veal,vveallp@wix.com,Female,46 Jay Terrace
783,Denny,MacMeanma,dmacmeanmalq@g.co,Male,733 Cascade Drive
784,Hedvig,Andreu,handreulr@ox.ac.uk,Female,3580 Leroy Street
785,Elna,Caillou,ecaillouls@unblog.fr,Bigender,944 Gateway Center
786,Humbert,Zelland,hzellandlt@feedburner.com,Male,975 Harbort Avenue
787,Orazio,MacGruer,omacgruerlu@unc.edu,Genderqueer,8415 Tomscot Place
788,Harbert,Tordoff,htordofflv@economist.com,Male,6180 Farmco Trail
789,Doralin,Silvermann,dsilvermannlw@dropbox.com,Female,9576 Glacier Hill Terrace
790,Ryon,Haselden,rhaseldenlx@reddit.com,Male,7820 Delaware Alley
791,Whitney,Winman,wwinmanly@hexun.com,Female,09 Towne Parkway
792,Toiboid,Aldie,taldielz@umich.edu,Male,53 Melvin Lane
793,Georgeanna,Potebury,gpoteburym0@mayoclinic.com,Female,489 Sutteridge Court
794,Sheilah,Blackaller,sblackallerm1@squarespace.com,Female,277 Canary Center
795,Tiphani,Dickings,tdickingsm2@myspace.com,Female,48424 Mifflin Point
796,Byrom,Bartolini,bbartolinim3@exblog.jp,Male,575 Fremont Crossing
797,Blair,Hollerin,bhollerinm4@purevolume.com,Female,9385 Pepper Wood Crossing
798,Claiborn,Roskeilly,croskeillym5@t-online.de,Male,0 Merchant Drive
799,Claudette,Jollie,cjolliem6@marriott.com,Female,6208 Wayridge Crossing
800,Julieta,Aveling,javelingm7@google.co.jp,Female,9 Maple Wood Trail
801,Renell,Clemencon,rclemenconm8@mozilla.org,Female,3 Prairie Rose Parkway
802,Shara,Rowntree,srowntreem9@163.com,Female,0196 Drewry Way
803,Stanly,Trousdell,strousdellma@un.org,Male,9 Lukken Avenue
804,Tremaine,Velasquez,tvelasquezmb@harvard.edu,Male,3 Ridgeview Pass
805,Dionysus,Unwins,dunwinsmc@artisteer.com,Male,3205 Lillian Street
806,Milena,Tremethack,mtremethackmd@google.cn,Female,7100 Browning Drive
807,Basilius,Derrington,bderringtonme@state.gov,Male,95367 Oriole Drive
808,Alric,Parkes,aparkesmf@seattletimes.com,Male,16731 Vernon Drive
809,Kerry,Eat,keatmg@woothemes.com,Female,58702 Shelley Alley
810,Pryce,Bazire,pbaziremh@prweb.com,Male,985 Bluestem Parkway
811,Innis,Knock,iknockmi@sitemeter.com,Male,871 Brown Hill
812,Niko,Andor,nandormj@yellowbook.com,Genderqueer,85 Springs Way
813,Debee,Giacopelo,dgiacopelomk@123-reg.co.uk,Female,880 Rusk Drive
814,Teador,Nisby,tnisbyml@mozilla.com,Male,5162 Forest Dale Plaza
815,Peirce,Bellson,pbellsonmm@ibm.com,Male,5 Artisan Terrace
816,Joy,Teodorski,jteodorskimn@craigslist.org,Female,61685 West Junction
817,Tomkin,Sandyford,tsandyfordmo@slashdot.org,Polygender,9 Shasta Alley
818,Toddie,Pond-Jones,tpondjonesmp@ning.com,Male,9 Bultman Hill
819,Hadria,McGall,hmcgallmq@arizona.edu,Polygender,78 Brown Way
820,Georgine,Bloore,gblooremr@goo.gl,Agender,5769 Fulton Terrace
821,Keen,Elsegood,kelsegoodms@mlb.com,Male,7 Forest Run Crossing
822,Dorry,Fewell,dfewellmt@forbes.com,Female,19 Bashford Street
823,Marja,Showt,mshowtmu@behance.net,Female,408 Loomis Circle
824,Alta,Siverns,asivernsmv@statcounter.com,Female,9 Eastlawn Court
825,Gaylord,Batt,gbattmw@army.mil,Male,764 Moose Point
826,Lilith,O'Malley,lomalleymx@omniture.com,Female,21061 Division Avenue
827,Carson,Cottisford,ccottisfordmy@comsenz.com,Male,5 Talisman Circle
828,Conny,Bielfeldt,cbielfeldtmz@aboutads.info,Female,41 Cottonwood Junction
829,Had,Scarce,hscarcen0@google.es,Male,7211 Claremont Hill
830,Brandy,Boutflour,bboutflourn1@wired.com,Male,06 East Drive
831,Sher,Quinsee,squinseen2@prnewswire.com,Female,72 Browning Terrace
832,Yasmin,Ovendale,yovendalen3@google.ca,Female,29894 Drewry Place
833,Ashlie,Peatheyjohns,apeatheyjohnsn4@symantec.com,Female,874 Thackeray Lane
834,Zared,Bernardotte,zbernardotten5@linkedin.com,Bigender,9 Bonner Street
835,Kermy,Ebrall,kebralln6@ebay.com,Male,972 Nobel Road
836,Claire,Jinda,cjindan7@list-manage.com,Male,2 Summerview Road
837,Theresa,McReedy,tmcreedyn8@ucoz.com,Female,69 Sachtjen Park
838,Shoshana,Espinoy,sespinoyn9@geocities.jp,Female,233 Manitowish Trail
839,Johnathan,Othick,jothickna@bing.com,Male,4 Armistice Place
840,Rick,Najara,rnajaranb@accuweather.com,Male,31 Dahle Crossing
841,Jerrie,Attenbrow,jattenbrownc@dailymail.co.uk,Male,8789 Bowman Point
842,Fancie,Celes,fcelesnd@cbc.ca,Female,41378 Hazelcrest Drive
843,Phillida,Starmore,pstarmorene@prnewswire.com,Female,01032 Fieldstone Court
844,Bartholomeo,Conroy,bconroynf@histats.com,Male,73 Armistice Terrace
845,Lorilee,Loffill,lloffillng@ucoz.ru,Polygender,93 Forest Dale Way
846,Averyl,MacAlroy,amacalroynh@arizona.edu,Genderqueer,7 Meadow Vale Junction
847,Carlyn,Duff,cduffni@jugem.jp,Genderqueer,137 Thackeray Junction
848,Rene,Blakeman,rblakemannj@wisc.edu,Male,277 Vera Alley
849,Sydelle,Scrimshire,sscrimshirenk@geocities.jp,Female,35 Waubesa Center
850,Hynda,Sermin,hserminnl@lulu.com,Female,62 Bayside Parkway
851,Sallie,McClenaghan,smcclenaghannm@reuters.com,Female,81371 Jenna Avenue
852,Aggi,Pendrey,apendreynn@tmall.com,Female,20441 Schurz Park
853,Ardelis,Judge,ajudgeno@noaa.gov,Female,094 Toban Center
854,Wrennie,Rudham,wrudhamnp@about.me,Bigender,596 Mendota Alley
855,Claudine,Bernollet,cbernolletnq@hibu.com,Female,503 Jay Parkway
856,Joel,Flageul,jflageulnr@comsenz.com,Male,92 Atwood Road
857,Gwendolyn,Mold,gmoldns@domainmarket.com,Female,131 Declaration Point
858,Geri,Dirkin,gdirkinnt@patch.com,Male,3 Vernon Road
859,Zandra,Loomes,zloomesnu@sphinn.com,Female,01812 Crownhardt Avenue
860,Nicholle,Grady,ngradynv@cornell.edu,Female,22 Fairview Circle
861,Arleta,Wohler,awohlernw@dailymotion.com,Genderqueer,8707 Emmet Crossing
862,Shaun,Tregunnah,stregunnahnx@spiegel.de,Male,4 Ruskin Court
863,Lorant,Ghion,lghionny@archive.org,Male,730 Garrison Point
864,Klarrisa,Ransome,kransomenz@hubpages.com,Female,7149 1st Crossing
865,Harley,Gilfoyle,hgilfoyleo0@desdev.cn,Male,045 Del Sol Drive
866,Ossie,Brighty,obrightyo1@apache.org,Male,01367 Scoville Junction
867,Far,Braiden,fbraideno2@blogger.com,Male,2 Lakewood Center
868,Karoline,Fordy,kfordyo3@biglobe.ne.jp,Female,80 Caliangt Pass
869,Estevan,Rounding,eroundingo4@furl.net,Male,99822 Kingsford Parkway
870,Rakel,Bettison,rbettisono5@tripadvisor.com,Female,0624 Fairfield Court
871,Lorens,Dunbobbin,ldunbobbino6@cloudflare.com,Polygender,372 Johnson Terrace
872,Mersey,Derbyshire,mderbyshireo7@psu.edu,Female,724 Eliot Place
873,Andi,Wellan,awellano8@altervista.org,Female,0 Darwin Alley
874,Lishe,Schenfisch,lschenfischo9@elpais.com,Female,4227 Vernon Point
875,Langston,Ferrulli,lferrullioa@cbc.ca,Male,0529 Heffernan Park
876,Oriana,Cavie,ocavieob@scribd.com,Female,557 Sugar Drive
877,Rolfe,Poyner,rpoyneroc@amazon.co.jp,Male,52 Messerschmidt Place
878,Erick,Bordis,ebordisod@feedburner.com,Male,805 Sauthoff Place
879,Almire,Martinyuk,amartinyukoe@hud.gov,Female,25 Holmberg Lane
880,Lewes,Juza,ljuzaof@dell.com,Male,33 Gateway Parkway
881,Warren,Harome,wharomeog@alibaba.com,Male,0 Luster Alley
882,Sebastian,Wattisham,swattishamoh@elpais.com,Male,40162 Almo Street
883,Lana,Giacopetti,lgiacopettioi@photobucket.com,Female,20902 Northwestern Center
884,Laurens,Mapother,lmapotheroj@purevolume.com,Male,1 2nd Street
885,Ethe,Barneville,ebarnevilleok@blogtalkradio.com,Male,06523 Crest Line Terrace
886,Ahmad,Levene,aleveneol@apple.com,Male,14049 Knutson Junction
887,Maurizio,Pringuer,mpringuerom@nyu.edu,Male,668 Kedzie Center
888,Cash,Heineken,cheinekenon@webmd.com,Male,034 Glacier Hill Circle
889,Clerissa,Lillegard,clillegardoo@zimbio.com,Female,0624 Lunder Alley
890,Samuele,Barrington,sbarringtonop@nbcnews.com,Male,41 Glendale Parkway
891,Loise,Trattles,ltrattlesoq@studiopress.com,Female,29671 Browning Place
892,Engelbert,Kleinstein,ekleinsteinor@webmd.com,Male,16753 Butterfield Hill
893,Vito,Donald,vdonaldos@europa.eu,Male,030 Iowa Terrace
894,Izak,Matussov,imatussovot@wisc.edu,Male,860 Kenwood Road
895,Artair,Durdle,adurdleou@geocities.jp,Male,46940 Clove Drive
896,Nikita,Pennicard,npennicardov@yellowpages.com,Male,43030 Killdeer Road
897,Annemarie,Pardie,apardieow@amazon.co.jp,Female,7 Nevada Hill
898,Nicoli,Koppeck,nkoppeckox@unc.edu,Female,9271 Schlimgen Alley
899,Preston,Craddock,pcraddockoy@craigslist.org,Male,752 Buhler Pass
900,Stanleigh,Piche,spicheoz@flickr.com,Male,987 Buena Vista Junction
901,Bertha,Cavet,bcavetp0@columbia.edu,Female,43 Kennedy Point
902,Olvan,Matzeitis,omatzeitisp1@last.fm,Male,6752 Farragut Parkway
903,Leeanne,D'Ambrosi,ldambrosip2@cornell.edu,Female,322 Oxford Junction
904,Eugenie,Breyt,ebreytp3@wiley.com,Female,33 Crownhardt Court
905,Sonnie,Meneely,smeneelyp4@e-recht24.de,Male,1467 Logan Way
906,Tallou,Jamary,tjamaryp5@tamu.edu,Genderfluid,7460 8th Pass
907,Luke,Chettle,lchettlep6@macromedia.com,Male,947 Merry Pass
908,Herold,Thunder,hthunderp7@google.co.jp,Male,10695 Everett Trail
909,Todd,Januszkiewicz,tjanuszkiewiczp8@rakuten.co.jp,Male,5291 Pepper Wood Terrace
910,Joane,Keat,jkeatp9@yellowbook.com,Female,939 Prairie Rose Court
911,Dasie,Insworth,dinsworthpa@salon.com,Female,4 Hazelcrest Court
912,Andrus,Bly,ablypb@lycos.com,Male,0817 Fairfield Road
913,Barney,Daniau,bdaniaupc@abc.net.au,Male,98 Derek Trail
914,Bayard,Raimbauld,braimbauldpd@example.com,Male,8675 Dayton Avenue
915,Haven,Skeemor,hskeemorpe@skyrock.com,Male,6621 Golf View Road
916,Irene,Camamill,icamamillpf@si.edu,Female,14852 Barnett Lane
917,Pincus,O'Caherny,pocahernypg@who.int,Male,06942 Lake View Pass
918,Arvin,de Wilde,adewildeph@oaic.gov.au,Male,67 4th Parkway
919,Thorny,Strathearn,tstrathearnpi@yolasite.com,Male,942 Summerview Court
920,Kale,Whaley,kwhaleypj@cloudflare.com,Male,926 Melby Place
921,Ninnette,Hallums,nhallumspk@jimdo.com,Female,979 Ramsey Street
922,Richardo,Farraway,rfarrawaypl@istockphoto.com,Male,521 Dakota Point
923,Lazare,Bowley,lbowleypm@apache.org,Agender,3 Gina Plaza
924,Christye,Guillerman,cguillermanpn@histats.com,Female,63 Bonner Hill
925,Farra,MacIlhagga,fmacilhaggapo@blog.com,Female,641 4th Avenue
926,Alon,Cullnean,acullneanpp@blogger.com,Male,536 Acker Hill
927,Brendis,Temporal,btemporalpq@icq.com,Male,43 Stone Corner Street
928,Melvyn,Carde,mcardepr@instagram.com,Male,72637 Cody Drive
929,Lanie,Rahl,lrahlps@symantec.com,Female,7 Norway Maple Place
930,Inness,Melsom,imelsompt@ihg.com,Male,94086 Springs Parkway
931,Tarah,Cresswell,tcresswellpu@google.es,Female,4979 Schiller Trail
932,Lilas,Cheesworth,lcheesworthpv@yelp.com,Female,57533 7th Pass
933,Amerigo,Gulvin,agulvinpw@bloglovin.com,Male,3720 Debra Alley
934,Catherine,Yeldham,cyeldhampx@salon.com,Female,56 Bowman Park
935,Moses,Coffee,mcoffeepy@webnode.com,Genderfluid,1 Redwing Place
936,Templeton,Lillegard,tlillegardpz@prweb.com,Male,627 Knutson Court
937,Evanne,Bracken,ebrackenq0@wisc.edu,Female,79 Stang Way
938,Kristian,Ackwood,kackwoodq1@wiley.com,Male,497 Hagan Junction
939,Shelby,Brimson,sbrimsonq2@sciencedaily.com,Male,57 Trailsway Junction
940,Vale,Abbys,vabbysq3@smh.com.au,Female,78456 Stuart Way
941,Ezra,Dainton,edaintonq4@macromedia.com,Non-binary,7373 Kipling Crossing
942,Herc,Yanne,hyanneq5@github.com,Male,3598 Clemons Street
943,Rahel,Simoens,rsimoensq6@jimdo.com,Female,71233 Dorton Trail
944,Mame,Stokes,mstokesq7@chicagotribune.com,Female,203 Cherokee Crossing
945,Raffaello,Warlowe,rwarloweq8@goo.gl,Polygender,741 Banding Plaza
946,Donella,Bolte,dbolteq9@discuz.net,Female,8 Dexter Crossing
947,Simona,Gong,sgongqa@dagondesign.com,Female,9751 Pleasure Point
948,Egon,Novik,enovikqb@ibm.com,Male,045 Elmside Avenue
949,Latrina,Ryves,lryvesqc@amazonaws.com,Female,561 Vahlen Park
950,Gery,Cron,gcronqd@usda.gov,Male,925 Randy Place
951,Damien,Archell,darchellqe@vinaora.com,Male,1170 Fair Oaks Parkway
952,Clayborne,Edge,cedgeqf@uol.com.br,Male,6 Jenifer Junction
953,Sibyl,Antrobus,santrobusqg@dion.ne.jp,Male,20 Hansons Lane
954,Florry,Flory,ffloryqh@webmd.com,Female,519 Fieldstone Park
955,Felipe,Eschelle,feschelleqi@ibm.com,Male,762 Blaine Pass
956,Del,Crease,dcreaseqj@salon.com,Female,5 Barnett Alley
957,Edgardo,Degnen,edegnenqk@pen.io,Male,9 Parkside Street
958,Briana,Fley,bfleyql@cnbc.com,Female,90527 Miller Center
959,Jada,Elan,jelanqm@ebay.co.uk,Agender,8953 Bobwhite Trail
960,Isidoro,Jarlmann,ijarlmannqn@nbcnews.com,Male,833 Schlimgen Trail
961,Lorry,Linny,llinnyqo@t-online.de,Male,55 Fieldstone Point
962,Obadiah,Ziem,oziemqp@phpbb.com,Male,76545 Delaware Circle
963,Kristos,Perett,kperettqq@surveymonkey.com,Male,96950 Village Green Terrace
964,Daron,Hovel,dhovelqr@pinterest.com,Female,7 Garrison Pass
965,Gwyneth,Pinniger,gpinnigerqs@joomla.org,Female,148 Montana Circle
966,Jazmin,Scarse,jscarseqt@photobucket.com,Female,8519 Raven Drive
967,Madel,Belfit,mbelfitqu@springer.com,Female,530 Chive Plaza
968,Donnie,Albarez,dalbarezqv@un.org,Female,48546 Claremont Circle
969,Doll,Karpov,dkarpovqw@tumblr.com,Female,946 Upham Place
970,Marjie,Guiet,mguietqx@flavors.me,Female,1376 Cody Avenue
971,Mervin,Beach,mbeachqy@ezinearticles.com,Male,94 Little Fleur Terrace
972,Norman,Pughsley,npughsleyqz@shinystat.com,Male,89 Sycamore Junction
973,Collette,Flippen,cflippenr0@webeden.co.uk,Female,7 Dapin Place
974,Valaree,Gligoraci,vgligoracir1@nymag.com,Female,53318 Goodland Point
975,Bayard,Twinning,btwinningr2@google.com.br,Male,0 Spaight Place
976,Ashien,Exeter,aexeterr3@hostgator.com,Non-binary,51 Meadow Vale Park
977,Antoinette,Stayte,astayter4@oaic.gov.au,Female,70817 Nancy Crossing
978,Karena,Mccaull,kmccaullr5@edublogs.org,Female,9692 Prairie Rose Place
979,Richie,Hamsson,rhamssonr6@bbb.org,Male,730 East Junction
980,Paten,Van Arsdall,pvanarsdallr7@linkedin.com,Male,5000 Ohio Terrace
981,Gianni,Jozef,gjozefr8@discuz.net,Male,6 Ramsey Drive
982,Micheal,O'Keefe,mokeefer9@hatena.ne.jp,Male,336 Dahle Trail
983,Susy,Gogerty,sgogertyra@dion.ne.jp,Female,5 Bay Park
984,Noreen,McNickle,nmcnicklerb@sina.com.cn,Polygender,8 Farwell Way
985,Harlie,Pennoni,hpennonirc@reuters.com,Female,11 International Center
986,Lory,Zmitrichenko,lzmitrichenkord@typepad.com,Female,6742 Bay Junction
987,Rolph,Gabby,rgabbyre@facebook.com,Male,7 Dayton Avenue
988,Josselyn,Starcks,jstarcksrf@ucla.edu,Female,212 Browning Drive
989,Ruby,Gun,rgunrg@toplist.cz,Female,04 Gateway Street
990,Ivett,Danelutti,idaneluttirh@multiply.com,Female,2384 Florence Pass
991,Lindi,Cail,lcailri@fastcompany.com,Female,1638 Shelley Trail
992,Mela,Wadworth,mwadworthrj@wordpress.com,Female,42 Emmet Pass
993,Gunter,Cornewall,gcornewallrk@howstuffworks.com,Bigender,69 Division Park
994,Teddie,Manilove,tmaniloverl@slideshare.net,Male,01 Dwight Lane
995,Annalee,Trorey,atroreyrm@constantcontact.com,Genderfluid,95 Hanover Circle
996,Gerrard,Formie,gformiern@pen.io,Male,3 Myrtle Pass
997,Leland,Durnford,ldurnfordro@yandex.ru,Female,43 Toban Street
998,Jareb,Petruska,jpetruskarp@unesco.org,Male,48 Moose Pass
999,Kimbra,Drain,kdrainrq@1und1.de,Female,45 Arapahoe Trail
1000,Lela,Frugier,lfrugierrr@squidoo.com,Female,56329 Melvin Terrace
